create_at,twitter_id,hashtags,twitter_url,person,organization
2016-06-01 13:58:42+00:00,738006865100087297,,http://twitter.com/HillaryClinton/status/738006865100087297,,Trump
2016-06-01 13:58:42+00:00,738006865100087297,,http://twitter.com/HillaryClinton/status/738006865100087297,,University
2016-06-01 02:41:34+00:00,737836457616871425,,http://twitter.com/HillaryClinton/status/737836457616871425,Trump,
2016-06-01 02:06:39+00:00,737827672248717313,,http://twitter.com/HillaryClinton/status/737827672248717313,Hillary,
2016-06-01 02:06:39+00:00,737827672248717313,,http://twitter.com/HillaryClinton/status/737827672248717313,Clinton,
2016-06-01 00:58:41+00:00,737810565356093440,,http://twitter.com/HillaryClinton/status/737810565356093440,Hillary,
2016-05-31 23:29:34+00:00,737788137825505281,,http://twitter.com/HillaryClinton/status/737788137825505281,Hillary,
2016-05-31 21:12:51+00:00,737753732725772288,,http://twitter.com/HillaryClinton/status/737753732725772288,Hillary,
2016-05-31 16:59:24+00:00,737689952494833664,,http://twitter.com/HillaryClinton/status/737689952494833664,Trump,
2016-05-31 16:23:53+00:00,737681012713525249,,http://twitter.com/HillaryClinton/status/737681012713525249,Hillary,
2016-05-31 16:23:53+00:00,737681012713525249,,http://twitter.com/HillaryClinton/status/737681012713525249,Clinton,
2016-05-31 16:23:53+00:00,737681012713525249,,http://twitter.com/HillaryClinton/status/737681012713525249,Donald,
2016-05-31 16:23:53+00:00,737681012713525249,,http://twitter.com/HillaryClinton/status/737681012713525249,Trump,
2016-05-31 16:23:53+00:00,737681012713525249,,http://twitter.com/HillaryClinton/status/737681012713525249,JerryBrownGov,
2016-05-31 12:14:04+00:00,737618143795875840,,http://twitter.com/HillaryClinton/status/737618143795875840,Hillary,
2016-05-31 12:14:04+00:00,737618143795875840,,http://twitter.com/HillaryClinton/status/737618143795875840,Clinton,
2016-05-30 23:59:09+00:00,737433194690138112,,http://twitter.com/HillaryClinton/status/737433194690138112,Hillary,
2016-05-30 22:26:44+00:00,737409940571181056,,http://twitter.com/HillaryClinton/status/737409940571181056,Trump,
2016-05-29 20:00:20+00:00,737010709414940673,,http://twitter.com/HillaryClinton/status/737010709414940673,El,
2016-05-29 20:00:20+00:00,737010709414940673,,http://twitter.com/HillaryClinton/status/737010709414940673,mantra,
2016-05-29 20:00:20+00:00,737010709414940673,,http://twitter.com/HillaryClinton/status/737010709414940673,de,
2016-05-29 20:00:20+00:00,737010709414940673,,http://twitter.com/HillaryClinton/status/737010709414940673,Trump,
2016-05-29 14:10:44+00:00,736922729429901313,,http://twitter.com/HillaryClinton/status/736922729429901313,Hillary,
2016-05-28 16:24:30+00:00,736594003118817280,,http://twitter.com/HillaryClinton/status/736594003118817280,Donald,
2016-05-28 16:24:30+00:00,736594003118817280,,http://twitter.com/HillaryClinton/status/736594003118817280,Trump,
2016-05-28 16:24:30+00:00,736594003118817280,,http://twitter.com/HillaryClinton/status/736594003118817280,Hillary,
2016-05-28 01:13:10+00:00,736364661524811776,,http://twitter.com/HillaryClinton/status/736364661524811776,Donald,
2016-05-28 01:13:10+00:00,736364661524811776,,http://twitter.com/HillaryClinton/status/736364661524811776,Trump,
2016-05-27 23:03:49+00:00,736332107912491008,,http://twitter.com/HillaryClinton/status/736332107912491008,Trump,
2016-05-27 20:50:44+00:00,736298618152312833,,http://twitter.com/HillaryClinton/status/736298618152312833,Donald,
2016-05-27 20:50:44+00:00,736298618152312833,,http://twitter.com/HillaryClinton/status/736298618152312833,Trump,
2016-05-27 20:50:44+00:00,736298618152312833,,http://twitter.com/HillaryClinton/status/736298618152312833,Trump,
2016-05-27 17:31:00+00:00,736248351939776521,,http://twitter.com/HillaryClinton/status/736248351939776521,Trump,
2016-05-27 14:28:28+00:00,736202417608482816,,http://twitter.com/HillaryClinton/status/736202417608482816,Zika,
2016-05-27 01:07:26+00:00,736000828159315969,TBT,http://twitter.com/HillaryClinton/status/736000828159315969,,TBT
2016-05-27 00:26:10+00:00,735990443863871488,,http://twitter.com/HillaryClinton/status/735990443863871488,Trump,
2016-05-26 22:31:34+00:00,735961604248993792,,http://twitter.com/HillaryClinton/status/735961604248993792,Trump,
2016-05-26 22:07:30+00:00,735955545132257280,,http://twitter.com/HillaryClinton/status/735955545132257280,Donald,
2016-05-26 22:07:30+00:00,735955545132257280,,http://twitter.com/HillaryClinton/status/735955545132257280,Trump,
2016-05-26 21:19:06+00:00,735943366937042945,,http://twitter.com/HillaryClinton/status/735943366937042945,Brian,
2016-05-26 21:19:06+00:00,735943366937042945,,http://twitter.com/HillaryClinton/status/735943366937042945,Williams,
2016-05-26 21:19:06+00:00,735943366937042945,,http://twitter.com/HillaryClinton/status/735943366937042945,Williams,GOP
2016-05-26 20:52:54+00:00,735936775181479937,SallyRideDay,http://twitter.com/HillaryClinton/status/735936775181479937,Sally,
2016-05-26 20:52:54+00:00,735936775181479937,SallyRideDay,http://twitter.com/HillaryClinton/status/735936775181479937,Ride,
2016-05-26 19:27:32+00:00,735915289334931456,,http://twitter.com/HillaryClinton/status/735915289334931456,,Trump
2016-05-26 18:03:38+00:00,735894176534007808,,http://twitter.com/HillaryClinton/status/735894176534007808,Donald,
2016-05-26 18:03:38+00:00,735894176534007808,,http://twitter.com/HillaryClinton/status/735894176534007808,Hillary,
2016-05-26 18:00:26+00:00,735893370539773952,,http://twitter.com/HillaryClinton/status/735893370539773952,Donald,
2016-05-26 18:00:26+00:00,735893370539773952,,http://twitter.com/HillaryClinton/status/735893370539773952,Trump,
2016-05-26 18:00:26+00:00,735893370539773952,,http://twitter.com/HillaryClinton/status/735893370539773952,Hillary,
2016-05-26 17:52:23+00:00,735891345915707394,,http://twitter.com/HillaryClinton/status/735891345915707394,Hillary,
2016-05-26 17:40:15+00:00,735888289656385537,,http://twitter.com/HillaryClinton/status/735888289656385537,Hillary,
2016-05-26 17:40:15+00:00,735888289656385537,,http://twitter.com/HillaryClinton/status/735888289656385537,Hillary,UFCW
2016-05-26 15:36:34+00:00,735857164670140418,,http://twitter.com/HillaryClinton/status/735857164670140418,Trump,
2016-05-26 00:24:57+00:00,735627751365959680,UAW,http://twitter.com/HillaryClinton/status/735627751365959680,,UAW
2016-05-25 23:59:32+00:00,735621352560943105,,http://twitter.com/HillaryClinton/status/735621352560943105,Trump,
2016-05-25 22:16:53+00:00,735595522506031105,,http://twitter.com/HillaryClinton/status/735595522506031105,Donald,
2016-05-25 22:16:53+00:00,735595522506031105,,http://twitter.com/HillaryClinton/status/735595522506031105,Trump,
2016-05-25 18:50:40+00:00,735543623136186368,,http://twitter.com/HillaryClinton/status/735543623136186368,Trump,
2016-05-25 18:05:21+00:00,735532221956788225,,http://twitter.com/HillaryClinton/status/735532221956788225,Donald,
2016-05-25 18:05:21+00:00,735532221956788225,,http://twitter.com/HillaryClinton/status/735532221956788225,Trump,
2016-05-25 15:58:25+00:00,735500275960688643,,http://twitter.com/HillaryClinton/status/735500275960688643,Donald,
2016-05-25 15:58:25+00:00,735500275960688643,,http://twitter.com/HillaryClinton/status/735500275960688643,Trump,
2016-05-25 15:17:32+00:00,735489986200506369,,http://twitter.com/HillaryClinton/status/735489986200506369,Trump,
2016-05-25 14:24:10+00:00,735476558949801984,,http://twitter.com/HillaryClinton/status/735476558949801984,,Mientras
2016-05-25 14:24:10+00:00,735476558949801984,,http://twitter.com/HillaryClinton/status/735476558949801984,Trump,Mientras
2016-05-25 12:57:16+00:00,735454688028569601,,http://twitter.com/HillaryClinton/status/735454688028569601,Trump,
2016-05-24 22:35:10+00:00,735237733317283840,,http://twitter.com/HillaryClinton/status/735237733317283840,Hillary,
2016-05-24 21:33:44+00:00,735222273909620736,,http://twitter.com/HillaryClinton/status/735222273909620736,Trump,
2016-05-24 19:08:08+00:00,735185631148703748,,http://twitter.com/HillaryClinton/status/735185631148703748,Donald,
2016-05-24 19:08:08+00:00,735185631148703748,,http://twitter.com/HillaryClinton/status/735185631148703748,Trump,
2016-05-24 19:01:45+00:00,735184026743545856,,http://twitter.com/HillaryClinton/status/735184026743545856,Trump,
2016-05-24 18:55:27+00:00,735182439463723008,,http://twitter.com/HillaryClinton/status/735182439463723008,Trump,
2016-05-24 18:41:49+00:00,735179009793925120,,http://twitter.com/HillaryClinton/status/735179009793925120,Trump,
2016-05-24 16:13:32+00:00,735141691259293697,,http://twitter.com/HillaryClinton/status/735141691259293697,Trump,
2016-05-24 15:34:57+00:00,735131981051224064,,http://twitter.com/HillaryClinton/status/735131981051224064,Donald,
2016-05-24 15:34:57+00:00,735131981051224064,,http://twitter.com/HillaryClinton/status/735131981051224064,Trump,
2016-05-24 14:55:50+00:00,735122140916293633,,http://twitter.com/HillaryClinton/status/735122140916293633,Trump,
2016-05-24 14:31:23+00:00,735115985699606530,,http://twitter.com/HillaryClinton/status/735115985699606530,Donald,
2016-05-24 14:31:23+00:00,735115985699606530,,http://twitter.com/HillaryClinton/status/735115985699606530,Trump,
2016-05-24 02:09:43+00:00,734929339276496897,,http://twitter.com/HillaryClinton/status/734929339276496897,Donald,
2016-05-24 02:09:43+00:00,734929339276496897,,http://twitter.com/HillaryClinton/status/734929339276496897,Trump,
2016-05-23 22:20:37+00:00,734871684470218757,,http://twitter.com/HillaryClinton/status/734871684470218757,,ISIS
2016-05-23 21:08:34+00:00,734853553852841984,,http://twitter.com/HillaryClinton/status/734853553852841984,Donald,
2016-05-23 21:08:34+00:00,734853553852841984,,http://twitter.com/HillaryClinton/status/734853553852841984,Trump,
2016-05-23 18:21:54+00:00,734811611395948546,,http://twitter.com/HillaryClinton/status/734811611395948546,Donald,
2016-05-23 18:21:54+00:00,734811611395948546,,http://twitter.com/HillaryClinton/status/734811611395948546,Trump,
2016-05-23 18:21:54+00:00,734811611395948546,,http://twitter.com/HillaryClinton/status/734811611395948546,Hillary,
2016-05-23 18:18:22+00:00,734810721079427075,,http://twitter.com/HillaryClinton/status/734810721079427075,Hillary,
2016-05-23 18:18:22+00:00,734810721079427075,,http://twitter.com/HillaryClinton/status/734810721079427075,Hillary,SEIU
2016-05-23 18:13:29+00:00,734809490378350593,,http://twitter.com/HillaryClinton/status/734809490378350593,Donald,
2016-05-23 18:13:29+00:00,734809490378350593,,http://twitter.com/HillaryClinton/status/734809490378350593,Trump,
2016-05-23 17:54:43+00:00,734804767076167681,,http://twitter.com/HillaryClinton/status/734804767076167681,Hillary,
2016-05-23 17:54:43+00:00,734804767076167681,,http://twitter.com/HillaryClinton/status/734804767076167681,Hillary,SEIU
2016-05-23 17:49:56+00:00,734803565747785728,,http://twitter.com/HillaryClinton/status/734803565747785728,Hillary,
2016-05-23 01:19:41+00:00,734554362031181824,,http://twitter.com/HillaryClinton/status/734554362031181824,Hillary,
2016-05-22 17:52:52+00:00,734441915958071296,,http://twitter.com/HillaryClinton/status/734441915958071296,Trump,
2016-05-22 00:50:37+00:00,734184658523430913,,http://twitter.com/HillaryClinton/status/734184658523430913,Donald,
2016-05-22 00:50:37+00:00,734184658523430913,,http://twitter.com/HillaryClinton/status/734184658523430913,Trump,
2016-05-22 00:50:37+00:00,734184658523430913,,http://twitter.com/HillaryClinton/status/734184658523430913,Hillary,
2016-05-22 00:43:03+00:00,734182751847522304,,http://twitter.com/HillaryClinton/status/734182751847522304,Hillary,
2016-05-21 20:05:24+00:00,734112880178651136,,http://twitter.com/HillaryClinton/status/734112880178651136,Donald,
2016-05-21 20:05:24+00:00,734112880178651136,,http://twitter.com/HillaryClinton/status/734112880178651136,Trump,
2016-05-21 18:08:21+00:00,734083422419714048,,http://twitter.com/HillaryClinton/status/734083422419714048,Donald,
2016-05-21 18:08:21+00:00,734083422419714048,,http://twitter.com/HillaryClinton/status/734083422419714048,Trump,
2016-05-21 18:08:21+00:00,734083422419714048,,http://twitter.com/HillaryClinton/status/734083422419714048,Hillary,
2016-05-21 01:38:14+00:00,733834250923978752,,http://twitter.com/HillaryClinton/status/733834250923978752,Hillary,
2016-05-21 01:38:14+00:00,733834250923978752,,http://twitter.com/HillaryClinton/status/733834250923978752,Clinton,
2016-05-20 23:45:42+00:00,733805933801807873,,http://twitter.com/HillaryClinton/status/733805933801807873,Hillary,
2016-05-20 23:45:42+00:00,733805933801807873,,http://twitter.com/HillaryClinton/status/733805933801807873,Clinton,
2016-05-20 22:03:55+00:00,733780318377771008,,http://twitter.com/HillaryClinton/status/733780318377771008,Hillary,
2016-05-20 21:16:04+00:00,733768274970857473,,http://twitter.com/HillaryClinton/status/733768274970857473,Donald,
2016-05-20 21:16:04+00:00,733768274970857473,,http://twitter.com/HillaryClinton/status/733768274970857473,Trump,
2016-05-20 17:24:12+00:00,733709925688475648,,http://twitter.com/HillaryClinton/status/733709925688475648,Alicia,
2016-05-20 17:12:52+00:00,733707072018190336,,http://twitter.com/HillaryClinton/status/733707072018190336,,ISIS
2016-05-20 15:18:57+00:00,733678405837815808,,http://twitter.com/HillaryClinton/status/733678405837815808,,House
2016-05-20 15:18:57+00:00,733678405837815808,,http://twitter.com/HillaryClinton/status/733678405837815808,,GOP
2016-05-20 14:02:33+00:00,733659177101496320,,http://twitter.com/HillaryClinton/status/733659177101496320,Hillary,
2016-05-20 13:11:33+00:00,733646343135170560,,http://twitter.com/HillaryClinton/status/733646343135170560,Zika,
2016-05-20 02:19:12+00:00,733482175643799553,,http://twitter.com/HillaryClinton/status/733482175643799553,Donald,
2016-05-20 02:19:12+00:00,733482175643799553,,http://twitter.com/HillaryClinton/status/733482175643799553,Trump,
2016-05-20 01:15:00+00:00,733466016768892930,,http://twitter.com/HillaryClinton/status/733466016768892930,Hillary,
2016-05-20 01:15:00+00:00,733466016768892930,,http://twitter.com/HillaryClinton/status/733466016768892930,Zika,
2016-05-20 01:15:00+00:00,733466016768892930,,http://twitter.com/HillaryClinton/status/733466016768892930,Zika,Senate
2016-05-20 00:42:41+00:00,733457884344766465,TBT,http://twitter.com/HillaryClinton/status/733457884344766465,,TBT
2016-05-19 21:04:27+00:00,733402964375699457,,http://twitter.com/HillaryClinton/status/733402964375699457,,NRA
2016-05-19 20:10:24+00:00,733389363753586688,,http://twitter.com/HillaryClinton/status/733389363753586688,Donald,
2016-05-19 20:10:24+00:00,733389363753586688,,http://twitter.com/HillaryClinton/status/733389363753586688,Trump,
2016-05-19 19:39:09+00:00,733381497303015426,,http://twitter.com/HillaryClinton/status/733381497303015426,Zika,
2016-05-19 18:58:22+00:00,733371236005249024,,http://twitter.com/HillaryClinton/status/733371236005249024,Donald,
2016-05-19 18:58:22+00:00,733371236005249024,,http://twitter.com/HillaryClinton/status/733371236005249024,Trump,
2016-05-19 18:58:22+00:00,733371236005249024,,http://twitter.com/HillaryClinton/status/733371236005249024,Hillary,
2016-05-19 18:11:47+00:00,733359512099422212,,http://twitter.com/HillaryClinton/status/733359512099422212,Hillary,
2016-05-19 18:10:00+00:00,733359063581478912,,http://twitter.com/HillaryClinton/status/733359063581478912,Trump,
2016-05-19 18:10:00+00:00,733359063581478912,,http://twitter.com/HillaryClinton/status/733359063581478912,Hillary,
2016-05-19 18:10:00+00:00,733359063581478912,,http://twitter.com/HillaryClinton/status/733359063581478912,Hillary,GOP
2016-05-19 18:07:26+00:00,733358419101487106,,http://twitter.com/HillaryClinton/status/733358419101487106,Hillary,
2016-05-19 18:03:47+00:00,733357500653785088,,http://twitter.com/HillaryClinton/status/733357500653785088,Donald,
2016-05-19 18:03:47+00:00,733357500653785088,,http://twitter.com/HillaryClinton/status/733357500653785088,Trump,
2016-05-19 18:03:47+00:00,733357500653785088,,http://twitter.com/HillaryClinton/status/733357500653785088,Hillary,
2016-05-19 18:03:47+00:00,733357500653785088,,http://twitter.com/HillaryClinton/status/733357500653785088,Hillary,CNN
2016-05-19 17:59:46+00:00,733356486982766593,,http://twitter.com/HillaryClinton/status/733356486982766593,Donald,
2016-05-19 17:59:46+00:00,733356486982766593,,http://twitter.com/HillaryClinton/status/733356486982766593,Trump,
2016-05-19 17:59:46+00:00,733356486982766593,,http://twitter.com/HillaryClinton/status/733356486982766593,Hillary,
2016-05-19 17:59:46+00:00,733356486982766593,,http://twitter.com/HillaryClinton/status/733356486982766593,Hillary,CNN
2016-05-19 17:57:43+00:00,733355972626907137,,http://twitter.com/HillaryClinton/status/733355972626907137,Hillary,
2016-05-19 17:55:54+00:00,733355514411814912,,http://twitter.com/HillaryClinton/status/733355514411814912,Donald,
2016-05-19 17:55:54+00:00,733355514411814912,,http://twitter.com/HillaryClinton/status/733355514411814912,Trump,
2016-05-19 17:55:54+00:00,733355514411814912,,http://twitter.com/HillaryClinton/status/733355514411814912,Hillary,
2016-05-19 17:53:31+00:00,733354913649070080,,http://twitter.com/HillaryClinton/status/733354913649070080,Hillary,
2016-05-19 17:53:31+00:00,733354913649070080,,http://twitter.com/HillaryClinton/status/733354913649070080,Trump,
2016-05-19 17:51:36+00:00,733354431589322754,,http://twitter.com/HillaryClinton/status/733354431589322754,,ISIS
2016-05-19 17:51:36+00:00,733354431589322754,,http://twitter.com/HillaryClinton/status/733354431589322754,Hillary,ISIS
2016-05-19 17:51:36+00:00,733354431589322754,,http://twitter.com/HillaryClinton/status/733354431589322754,Hillary,CNN
2016-05-19 16:13:53+00:00,733329842628898818,,http://twitter.com/HillaryClinton/status/733329842628898818,,Senate
2016-05-19 16:13:53+00:00,733329842628898818,,http://twitter.com/HillaryClinton/status/733329842628898818,,Congress
2016-05-19 15:46:17+00:00,733322896257515521,,http://twitter.com/HillaryClinton/status/733322896257515521,Donald,
2016-05-19 15:46:17+00:00,733322896257515521,,http://twitter.com/HillaryClinton/status/733322896257515521,Trump,
2016-05-19 15:46:17+00:00,733322896257515521,,http://twitter.com/HillaryClinton/status/733322896257515521,Trump,Supreme
2016-05-19 15:46:17+00:00,733322896257515521,,http://twitter.com/HillaryClinton/status/733322896257515521,Trump,Court
2016-05-18 18:23:37+00:00,733000101652791296,,http://twitter.com/HillaryClinton/status/733000101652791296,Trump,
2016-05-18 18:23:37+00:00,733000101652791296,,http://twitter.com/HillaryClinton/status/733000101652791296,Trump,Supreme
2016-05-18 18:23:37+00:00,733000101652791296,,http://twitter.com/HillaryClinton/status/733000101652791296,Trump,Court
2016-05-18 16:41:55+00:00,732974509481971712,,http://twitter.com/HillaryClinton/status/732974509481971712,Donald,
2016-05-18 16:41:55+00:00,732974509481971712,,http://twitter.com/HillaryClinton/status/732974509481971712,Trump,
2016-05-18 03:12:25+00:00,732770791834701824,,http://twitter.com/HillaryClinton/status/732770791834701824,Hillary,
2016-05-17 23:54:52+00:00,732721077252689920,,http://twitter.com/HillaryClinton/status/732721077252689920,Trump,
2016-05-17 23:04:50+00:00,732708484312137729,,http://twitter.com/HillaryClinton/status/732708484312137729,Trump,
2016-05-17 22:28:55+00:00,732699446790762496,,http://twitter.com/HillaryClinton/status/732699446790762496,,International
2016-05-17 22:28:55+00:00,732699446790762496,,http://twitter.com/HillaryClinton/status/732699446790762496,,Day
2016-05-17 22:28:55+00:00,732699446790762496,,http://twitter.com/HillaryClinton/status/732699446790762496,,Against
2016-05-17 22:28:55+00:00,732699446790762496,,http://twitter.com/HillaryClinton/status/732699446790762496,,Homophobia
2016-05-17 19:57:29+00:00,732661335125852160,,http://twitter.com/HillaryClinton/status/732661335125852160,Trump,
2016-05-17 16:59:37+00:00,732616576546004992,,http://twitter.com/HillaryClinton/status/732616576546004992,Brown,
2016-05-17 15:25:43+00:00,732592944662892545,,http://twitter.com/HillaryClinton/status/732592944662892545,Trump,
2016-05-17 14:11:33+00:00,732574280425328640,,http://twitter.com/HillaryClinton/status/732574280425328640,Hillary,
2016-05-17 00:40:26+00:00,732370156995936256,,http://twitter.com/HillaryClinton/status/732370156995936256,Hillary,
2016-05-16 20:52:21+00:00,732312758268637186,,http://twitter.com/HillaryClinton/status/732312758268637186,Trump,
2016-05-16 20:00:44+00:00,732299764914622464,,http://twitter.com/HillaryClinton/status/732299764914622464,Stevie,
2016-05-16 20:00:44+00:00,732299764914622464,,http://twitter.com/HillaryClinton/status/732299764914622464,Wonder,
2016-05-16 20:00:44+00:00,732299764914622464,,http://twitter.com/HillaryClinton/status/732299764914622464,Hillary,
2016-05-16 18:32:28+00:00,732277554170724352,,http://twitter.com/HillaryClinton/status/732277554170724352,Trump,
2016-05-16 15:33:31+00:00,732232519211466752,,http://twitter.com/HillaryClinton/status/732232519211466752,Donald,
2016-05-16 15:33:31+00:00,732232519211466752,,http://twitter.com/HillaryClinton/status/732232519211466752,Trump,
2016-05-16 14:17:10+00:00,732213306065223680,,http://twitter.com/HillaryClinton/status/732213306065223680,Trump,
2016-05-16 00:24:15+00:00,732003694003113984,,http://twitter.com/HillaryClinton/status/732003694003113984,,Trump
2016-05-16 00:24:15+00:00,732003694003113984,,http://twitter.com/HillaryClinton/status/732003694003113984,,Estados
2016-05-16 00:24:15+00:00,732003694003113984,,http://twitter.com/HillaryClinton/status/732003694003113984,,Unidos
2016-05-14 23:48:33+00:00,731632320961216513,,http://twitter.com/HillaryClinton/status/731632320961216513,Hillary,
2016-05-14 18:06:45+00:00,731546304321605632,,http://twitter.com/HillaryClinton/status/731546304321605632,Trump,
2016-05-14 13:53:34+00:00,731482592059527168,,http://twitter.com/HillaryClinton/status/731482592059527168,Donald,
2016-05-14 13:53:34+00:00,731482592059527168,,http://twitter.com/HillaryClinton/status/731482592059527168,Trump,
2016-05-13 23:55:03+00:00,731271572191842304,,http://twitter.com/HillaryClinton/status/731271572191842304,Donald,
2016-05-13 23:55:03+00:00,731271572191842304,,http://twitter.com/HillaryClinton/status/731271572191842304,Trump,
2016-05-13 21:37:46+00:00,731237020597637120,,http://twitter.com/HillaryClinton/status/731237020597637120,Frankie,
2016-05-13 18:26:23+00:00,731188860827340800,,http://twitter.com/HillaryClinton/status/731188860827340800,,Facebook
2016-05-13 18:26:23+00:00,731188860827340800,,http://twitter.com/HillaryClinton/status/731188860827340800,Hillary,Facebook
2016-05-13 13:05:02+00:00,731107990514880512,,http://twitter.com/HillaryClinton/status/731107990514880512,Donald,
2016-05-13 13:05:02+00:00,731107990514880512,,http://twitter.com/HillaryClinton/status/731107990514880512,Trump,
2016-05-13 02:58:46+00:00,730955416750948352,,http://twitter.com/HillaryClinton/status/730955416750948352,Trump,
2016-05-13 00:59:00+00:00,730925276167692288,TBT,http://twitter.com/HillaryClinton/status/730925276167692288,Hillary,
2016-05-13 00:59:00+00:00,730925276167692288,TBT,http://twitter.com/HillaryClinton/status/730925276167692288,Hillary,TBT
2016-05-12 22:12:47+00:00,730883447145807872,,http://twitter.com/HillaryClinton/status/730883447145807872,Donald,
2016-05-12 22:12:47+00:00,730883447145807872,,http://twitter.com/HillaryClinton/status/730883447145807872,Trump,
2016-05-12 22:12:47+00:00,730883447145807872,,http://twitter.com/HillaryClinton/status/730883447145807872,Donald,
2016-05-12 22:12:47+00:00,730883447145807872,,http://twitter.com/HillaryClinton/status/730883447145807872,Trump,
2016-05-12 21:05:50+00:00,730866597066211328,,http://twitter.com/HillaryClinton/status/730866597066211328,Hillary,
2016-05-12 19:12:28+00:00,730838067989381123,,http://twitter.com/HillaryClinton/status/730838067989381123,Hillary,
2016-05-12 19:12:28+00:00,730838067989381123,,http://twitter.com/HillaryClinton/status/730838067989381123,Clinton,
2016-05-12 18:11:02+00:00,730822607444922368,,http://twitter.com/HillaryClinton/status/730822607444922368,Trump,
2016-05-12 18:11:02+00:00,730822607444922368,,http://twitter.com/HillaryClinton/status/730822607444922368,Trump,Muslim
2016-05-12 18:11:02+00:00,730822607444922368,,http://twitter.com/HillaryClinton/status/730822607444922368,Don,Muslim
2016-05-12 17:21:39+00:00,730810180410167297,,http://twitter.com/HillaryClinton/status/730810180410167297,Sybrina,
2016-05-12 15:12:11+00:00,730777600902242304,TBT,http://twitter.com/HillaryClinton/status/730777600902242304,,TBT
2016-05-12 14:50:01+00:00,730772020233928704,,http://twitter.com/HillaryClinton/status/730772020233928704,Paul,
2016-05-12 14:50:01+00:00,730772020233928704,,http://twitter.com/HillaryClinton/status/730772020233928704,Ryan,
2016-05-12 14:50:01+00:00,730772020233928704,,http://twitter.com/HillaryClinton/status/730772020233928704,Donald,
2016-05-12 14:50:01+00:00,730772020233928704,,http://twitter.com/HillaryClinton/status/730772020233928704,Trump,
2016-05-12 13:08:28+00:00,730746465274855424,,http://twitter.com/HillaryClinton/status/730746465274855424,Donald,
2016-05-12 13:08:28+00:00,730746465274855424,,http://twitter.com/HillaryClinton/status/730746465274855424,Trump,
2016-05-12 01:29:25+00:00,730570542026231808,,http://twitter.com/HillaryClinton/status/730570542026231808,Trump,
2016-05-11 23:12:50+00:00,730536172456271872,,http://twitter.com/HillaryClinton/status/730536172456271872,Trump,
2016-05-11 20:47:13+00:00,730499523538194432,"WashingtonDC, Statehood",http://twitter.com/HillaryClinton/status/730499523538194432,HillaryClinton,
2016-05-11 19:40:30+00:00,730482734666256385,,http://twitter.com/HillaryClinton/status/730482734666256385,Donald,
2016-05-11 19:40:30+00:00,730482734666256385,,http://twitter.com/HillaryClinton/status/730482734666256385,Trump,
2016-05-11 18:31:14+00:00,730465305999380480,,http://twitter.com/HillaryClinton/status/730465305999380480,,Social
2016-05-11 18:31:14+00:00,730465305999380480,,http://twitter.com/HillaryClinton/status/730465305999380480,,Security
2016-05-11 17:39:46+00:00,730452353502031872,,http://twitter.com/HillaryClinton/status/730452353502031872,Hillary,
2016-05-11 14:22:19+00:00,730402660197781504,,http://twitter.com/HillaryClinton/status/730402660197781504,Trump,
2016-05-10 23:08:39+00:00,730172729291345920,,http://twitter.com/HillaryClinton/status/730172729291345920,Trump,
2016-05-10 22:09:21+00:00,730157805844451331,,http://twitter.com/HillaryClinton/status/730157805844451331,Trump,
2016-05-10 21:07:43+00:00,730142295991914498,,http://twitter.com/HillaryClinton/status/730142295991914498,Donald,
2016-05-10 21:07:43+00:00,730142295991914498,,http://twitter.com/HillaryClinton/status/730142295991914498,Trump,
2016-05-10 21:07:43+00:00,730142295991914498,,http://twitter.com/HillaryClinton/status/730142295991914498,Trump,GOP
2016-05-10 20:19:26+00:00,730130145802125312,,http://twitter.com/HillaryClinton/status/730130145802125312,Hillary,
2016-05-10 20:12:09+00:00,730128312975134722,,http://twitter.com/HillaryClinton/status/730128312975134722,Donald,
2016-05-10 20:12:09+00:00,730128312975134722,,http://twitter.com/HillaryClinton/status/730128312975134722,Trump,
2016-05-10 19:53:18+00:00,730123569074733056,,http://twitter.com/HillaryClinton/status/730123569074733056,Hillary,
2016-05-10 18:56:25+00:00,730109255081070592,,http://twitter.com/HillaryClinton/status/730109255081070592,Hillary,
2016-05-10 14:09:44+00:00,730037109134901248,,http://twitter.com/HillaryClinton/status/730037109134901248,Hillary,
2016-05-10 02:58:15+00:00,729868122673577984,,http://twitter.com/HillaryClinton/status/729868122673577984,Trump,
2016-05-09 19:27:13+00:00,729754618540888064,,http://twitter.com/HillaryClinton/status/729754618540888064,Trump,
2016-05-09 19:09:39+00:00,729750197467754497,,http://twitter.com/HillaryClinton/status/729750197467754497,Hillary,
2016-05-09 18:42:32+00:00,729743373733658624,,http://twitter.com/HillaryClinton/status/729743373733658624,,Facebook
2016-05-09 18:42:32+00:00,729743373733658624,,http://twitter.com/HillaryClinton/status/729743373733658624,Hillary,Facebook
2016-05-09 16:03:20+00:00,729703306021326848,,http://twitter.com/HillaryClinton/status/729703306021326848,Hillary,
2016-05-09 13:02:49+00:00,729657881340039168,,http://twitter.com/HillaryClinton/status/729657881340039168,Donald,
2016-05-09 13:02:49+00:00,729657881340039168,,http://twitter.com/HillaryClinton/status/729657881340039168,Trump,
2016-05-09 00:41:56+00:00,729471431881412614,,http://twitter.com/HillaryClinton/status/729471431881412614,,White
2016-05-09 00:41:56+00:00,729471431881412614,,http://twitter.com/HillaryClinton/status/729471431881412614,,House
2016-05-08 22:23:02+00:00,729436473842229248,,http://twitter.com/HillaryClinton/status/729436473842229248,Chelsea,
2016-05-08 20:19:19+00:00,729405339804815364,MothersDay,http://twitter.com/HillaryClinton/status/729405339804815364,Hillary,
2016-05-08 14:02:38+00:00,729310545480957952,,http://twitter.com/HillaryClinton/status/729310545480957952,ChelseaClinton,
2016-05-07 22:24:26+00:00,729074439556636672,,http://twitter.com/HillaryClinton/status/729074439556636672,ChelseaClinton,
2016-05-07 19:59:07+00:00,729037869126434818,,http://twitter.com/HillaryClinton/status/729037869126434818,Donald,
2016-05-07 18:04:57+00:00,729009138102112256,KentuckyDerby,http://twitter.com/HillaryClinton/status/729009138102112256,Diane,
2016-05-07 18:04:57+00:00,729009138102112256,KentuckyDerby,http://twitter.com/HillaryClinton/status/729009138102112256,Crump,
2016-05-07 13:51:22+00:00,728945320823033857,,http://twitter.com/HillaryClinton/status/728945320823033857,Donald,
2016-05-07 13:51:22+00:00,728945320823033857,,http://twitter.com/HillaryClinton/status/728945320823033857,Trump,
2016-05-06 15:27:54+00:00,728607226332614656,,http://twitter.com/HillaryClinton/status/728607226332614656,Donald,
2016-05-06 15:27:54+00:00,728607226332614656,,http://twitter.com/HillaryClinton/status/728607226332614656,Trump,
2016-05-06 13:05:35+00:00,728571410763939840,,http://twitter.com/HillaryClinton/status/728571410763939840,Trump,
2016-05-06 02:49:14+00:00,728416300872151040,,http://twitter.com/HillaryClinton/status/728416300872151040,,GOP
2016-05-06 01:21:45+00:00,728394286736261120,,http://twitter.com/HillaryClinton/status/728394286736261120,,Volkswagen
2016-05-06 01:21:45+00:00,728394286736261120,,http://twitter.com/HillaryClinton/status/728394286736261120,,VW
2016-05-06 00:56:43+00:00,728387988393238530,,http://twitter.com/HillaryClinton/status/728387988393238530,Donald,
2016-05-06 00:56:43+00:00,728387988393238530,,http://twitter.com/HillaryClinton/status/728387988393238530,Trump,
2016-05-05 22:48:20+00:00,728355678822256640,,http://twitter.com/HillaryClinton/status/728355678822256640,Trump,
2016-05-05 22:34:04+00:00,728352087495585792,,http://twitter.com/HillaryClinton/status/728352087495585792,Donald,
2016-05-05 22:34:04+00:00,728352087495585792,,http://twitter.com/HillaryClinton/status/728352087495585792,Trump,
2016-05-05 22:11:40+00:00,728346449684119552,,http://twitter.com/HillaryClinton/status/728346449684119552,Trump,
2016-05-05 21:31:26+00:00,728336327331221505,,http://twitter.com/HillaryClinton/status/728336327331221505,Trump,
2016-05-05 19:49:54+00:00,728310772208697344,,http://twitter.com/HillaryClinton/status/728310772208697344,Trump,
2016-05-05 19:49:54+00:00,728310772208697344,,http://twitter.com/HillaryClinton/status/728310772208697344,Trump,
2016-05-05 19:11:15+00:00,728301048826241025,,http://twitter.com/HillaryClinton/status/728301048826241025,Trump,
2016-05-05 15:20:36+00:00,728243000640425987,SmallBizWeek,http://twitter.com/HillaryClinton/status/728243000640425987,Hillary,
2016-05-05 13:03:06+00:00,728208398261620736,,http://twitter.com/HillaryClinton/status/728208398261620736,Donald,
2016-05-05 13:03:06+00:00,728208398261620736,,http://twitter.com/HillaryClinton/status/728208398261620736,Trump,
2016-05-05 03:14:40+00:00,728060313698979840,,http://twitter.com/HillaryClinton/status/728060313698979840,Trump,
2016-05-05 02:44:05+00:00,728052618380120064,,http://twitter.com/HillaryClinton/status/728052618380120064,Trump,
2016-05-05 02:14:18+00:00,728045122462617600,,http://twitter.com/HillaryClinton/status/728045122462617600,Donald,
2016-05-05 02:14:18+00:00,728045122462617600,,http://twitter.com/HillaryClinton/status/728045122462617600,Trump,
2016-05-05 02:14:18+00:00,728045122462617600,,http://twitter.com/HillaryClinton/status/728045122462617600,Trump,GOP
2016-05-05 01:45:48+00:00,728037952027283456,,http://twitter.com/HillaryClinton/status/728037952027283456,ChelseaClinton,
2016-05-05 00:44:47+00:00,728022596042694656,,http://twitter.com/HillaryClinton/status/728022596042694656,,Republican
2016-05-05 00:44:47+00:00,728022596042694656,,http://twitter.com/HillaryClinton/status/728022596042694656,,Party
2016-05-05 00:44:47+00:00,728022596042694656,,http://twitter.com/HillaryClinton/status/728022596042694656,Trump,Party
2016-05-05 00:23:11+00:00,728017160719699969,,http://twitter.com/HillaryClinton/status/728017160719699969,Ellen,
2016-05-04 23:46:39+00:00,728007966629060608,,http://twitter.com/HillaryClinton/status/728007966629060608,Trump,
2016-05-04 22:40:17+00:00,727991266365952000,,http://twitter.com/HillaryClinton/status/727991266365952000,Donald,
2016-05-04 22:40:17+00:00,727991266365952000,,http://twitter.com/HillaryClinton/status/727991266365952000,Trump,
2016-05-04 21:28:02+00:00,727973081868865540,,http://twitter.com/HillaryClinton/status/727973081868865540,Trump,
2016-05-04 18:46:12+00:00,727932354883248129,,http://twitter.com/HillaryClinton/status/727932354883248129,Trump,
2016-05-04 18:46:12+00:00,727932354883248129,,http://twitter.com/HillaryClinton/status/727932354883248129,Mitt,
2016-05-04 18:46:12+00:00,727932354883248129,,http://twitter.com/HillaryClinton/status/727932354883248129,Romney,
2016-05-04 18:46:12+00:00,727932354883248129,,http://twitter.com/HillaryClinton/status/727932354883248129,Ted,
2016-05-04 18:46:12+00:00,727932354883248129,,http://twitter.com/HillaryClinton/status/727932354883248129,Cruz,
2016-05-04 18:46:12+00:00,727932354883248129,,http://twitter.com/HillaryClinton/status/727932354883248129,Marco,
2016-05-04 18:46:12+00:00,727932354883248129,,http://twitter.com/HillaryClinton/status/727932354883248129,Rubio,
2016-05-04 18:31:25+00:00,727928634573475842,,http://twitter.com/HillaryClinton/status/727928634573475842,Hillary,
2016-05-04 18:31:25+00:00,727928634573475842,,http://twitter.com/HillaryClinton/status/727928634573475842,Trump,
2016-05-04 18:31:25+00:00,727928634573475842,,http://twitter.com/HillaryClinton/status/727928634573475842,Trump,GOP
2016-05-04 18:25:43+00:00,727927199249092608,,http://twitter.com/HillaryClinton/status/727927199249092608,Hillary,
2016-05-04 18:17:45+00:00,727925197454610435,,http://twitter.com/HillaryClinton/status/727925197454610435,Donald,
2016-05-04 18:17:45+00:00,727925197454610435,,http://twitter.com/HillaryClinton/status/727925197454610435,Trump,
2016-05-04 16:50:59+00:00,727903361983356928,,http://twitter.com/HillaryClinton/status/727903361983356928,,GOP
2016-05-04 15:13:45+00:00,727878891646423044,,http://twitter.com/HillaryClinton/status/727878891646423044,Donald,
2016-05-04 15:13:45+00:00,727878891646423044,,http://twitter.com/HillaryClinton/status/727878891646423044,Trump,
2016-05-04 14:12:33+00:00,727863490757668864,,http://twitter.com/HillaryClinton/status/727863490757668864,,Trump
2016-05-04 14:12:33+00:00,727863490757668864,,http://twitter.com/HillaryClinton/status/727863490757668864,Hillary,Trump
2016-05-04 13:00:33+00:00,727845367996256256,,http://twitter.com/HillaryClinton/status/727845367996256256,Hillary,
2016-05-04 13:00:33+00:00,727845367996256256,,http://twitter.com/HillaryClinton/status/727845367996256256,Trump,
2016-05-04 01:23:57+00:00,727670062782545924,,http://twitter.com/HillaryClinton/status/727670062782545924,Donald,
2016-05-04 01:23:57+00:00,727670062782545924,,http://twitter.com/HillaryClinton/status/727670062782545924,Trump,
2016-05-04 01:23:57+00:00,727670062782545924,,http://twitter.com/HillaryClinton/status/727670062782545924,Trump,GOP
2016-05-03 20:52:03+00:00,727601637230034944,,http://twitter.com/HillaryClinton/status/727601637230034944,Hillary,
2016-05-03 19:39:40+00:00,727583422726742020,,http://twitter.com/HillaryClinton/status/727583422726742020,Hillary,
2016-05-03 19:36:48+00:00,727582702749159424,,http://twitter.com/HillaryClinton/status/727582702749159424,Trump,
2016-05-03 19:32:52+00:00,727581710376931328,,http://twitter.com/HillaryClinton/status/727581710376931328,Donald,
2016-05-03 19:32:52+00:00,727581710376931328,,http://twitter.com/HillaryClinton/status/727581710376931328,Ted,
2016-05-03 19:32:52+00:00,727581710376931328,,http://twitter.com/HillaryClinton/status/727581710376931328,Cruz,
2016-05-03 19:29:34+00:00,727580882178027520,,http://twitter.com/HillaryClinton/status/727580882178027520,Hillary,
2016-05-03 19:18:14+00:00,727578028935647232,,http://twitter.com/HillaryClinton/status/727578028935647232,Hillary,
2016-05-03 19:02:15+00:00,727574005851525121,,http://twitter.com/HillaryClinton/status/727574005851525121,Hillary,
2016-05-03 16:57:56+00:00,727542721196515328,,http://twitter.com/HillaryClinton/status/727542721196515328,Hillary,
2016-05-03 16:12:53+00:00,727531382885339137,,http://twitter.com/HillaryClinton/status/727531382885339137,Leslie,
2016-05-03 16:12:53+00:00,727531382885339137,,http://twitter.com/HillaryClinton/status/727531382885339137,Knope,
2016-05-03 15:32:30+00:00,727521221936582656,,http://twitter.com/HillaryClinton/status/727521221936582656,Don,
2016-05-03 15:32:30+00:00,727521221936582656,,http://twitter.com/HillaryClinton/status/727521221936582656,Blankenship,
2016-05-03 13:00:23+00:00,727482940914057217,,http://twitter.com/HillaryClinton/status/727482940914057217,Hillary,
2016-05-02 23:37:00+00:00,727280763381522432,,http://twitter.com/HillaryClinton/status/727280763381522432,Donald,
2016-05-02 23:37:00+00:00,727280763381522432,,http://twitter.com/HillaryClinton/status/727280763381522432,Trump,
2016-05-02 19:00:19+00:00,727211130192584705,,http://twitter.com/HillaryClinton/status/727211130192584705,Hillary,
2016-05-02 19:00:19+00:00,727211130192584705,,http://twitter.com/HillaryClinton/status/727211130192584705,Clinton,
2016-05-02 12:51:43+00:00,727118369317605376,,http://twitter.com/HillaryClinton/status/727118369317605376,Hillary,
2016-05-02 03:00:33+00:00,726969600622120960,,http://twitter.com/HillaryClinton/status/726969600622120960,,Congress
2016-05-02 01:26:50+00:00,726946015899701249,,http://twitter.com/HillaryClinton/status/726946015899701249,,Republican
2016-05-02 01:26:50+00:00,726946015899701249,,http://twitter.com/HillaryClinton/status/726946015899701249,,Senate
2016-05-02 01:26:50+00:00,726946015899701249,,http://twitter.com/HillaryClinton/status/726946015899701249,Roberta,Senate
2016-05-02 01:26:50+00:00,726946015899701249,,http://twitter.com/HillaryClinton/status/726946015899701249,Jacobson,Senate
2016-05-02 00:59:57+00:00,726939248922865664,,http://twitter.com/HillaryClinton/status/726939248922865664,Hillary,
2016-05-02 00:55:07+00:00,726938033493299200,,http://twitter.com/HillaryClinton/status/726938033493299200,Barack,
2016-05-02 00:55:07+00:00,726938033493299200,,http://twitter.com/HillaryClinton/status/726938033493299200,Donald,
2016-05-02 00:55:07+00:00,726938033493299200,,http://twitter.com/HillaryClinton/status/726938033493299200,Hillary,
2016-05-02 00:52:01+00:00,726937251461140482,,http://twitter.com/HillaryClinton/status/726937251461140482,Hillary,
2016-05-02 00:40:08+00:00,726934261002047488,,http://twitter.com/HillaryClinton/status/726934261002047488,Hillary,
2016-05-02 00:37:54+00:00,726933701540610048,,http://twitter.com/HillaryClinton/status/726933701540610048,Hillary,
2016-05-02 00:35:46+00:00,726933161679147008,,http://twitter.com/HillaryClinton/status/726933161679147008,Hillary,
2016-05-02 00:30:57+00:00,726931949038751744,,http://twitter.com/HillaryClinton/status/726931949038751744,Hillary,
2016-05-02 00:30:57+00:00,726931949038751744,,http://twitter.com/HillaryClinton/status/726931949038751744,Langston,
2016-05-02 00:30:57+00:00,726931949038751744,,http://twitter.com/HillaryClinton/status/726931949038751744,Hughes,
2016-05-02 00:21:38+00:00,726929604708032513,,http://twitter.com/HillaryClinton/status/726929604708032513,Hillary,
2016-05-02 00:21:38+00:00,726929604708032513,,http://twitter.com/HillaryClinton/status/726929604708032513,Hillary,NAACP
2016-05-01 20:57:50+00:00,726878319736672256,APAHM,http://twitter.com/HillaryClinton/status/726878319736672256,,Pacific
2016-05-01 20:57:50+00:00,726878319736672256,APAHM,http://twitter.com/HillaryClinton/status/726878319736672256,,Islanders
2016-05-01 18:52:29+00:00,726846774250471425,WHCD,http://twitter.com/HillaryClinton/status/726846774250471425,,Nice
2016-05-01 18:52:29+00:00,726846774250471425,WHCD,http://twitter.com/HillaryClinton/status/726846774250471425,Hillary,Nice
2016-05-01 15:03:12+00:00,726789073491349504,,http://twitter.com/HillaryClinton/status/726789073491349504,Donald,
2016-05-01 15:03:12+00:00,726789073491349504,,http://twitter.com/HillaryClinton/status/726789073491349504,Trump,
2016-05-01 15:03:12+00:00,726789073491349504,,http://twitter.com/HillaryClinton/status/726789073491349504,Trump,GOP
2016-04-30 00:00:03+00:00,726199400993685504,,http://twitter.com/HillaryClinton/status/726199400993685504,Trump,
2016-04-29 22:59:33+00:00,726184172524589056,HillaryOnCNN,http://twitter.com/HillaryClinton/status/726184172524589056,,CNN
2016-04-29 22:59:33+00:00,726184172524589056,HillaryOnCNN,http://twitter.com/HillaryClinton/status/726184172524589056,Hillary,CNN
2016-04-29 22:59:33+00:00,726184172524589056,HillaryOnCNN,http://twitter.com/HillaryClinton/status/726184172524589056,Clinton,CNN
2016-04-29 22:59:33+00:00,726184172524589056,HillaryOnCNN,http://twitter.com/HillaryClinton/status/726184172524589056,Donald,CNN
2016-04-29 22:59:33+00:00,726184172524589056,HillaryOnCNN,http://twitter.com/HillaryClinton/status/726184172524589056,Trump,CNN
2016-04-29 21:30:15+00:00,726161701029183488,,http://twitter.com/HillaryClinton/status/726161701029183488,,Senate
2016-04-29 21:30:15+00:00,726161701029183488,,http://twitter.com/HillaryClinton/status/726161701029183488,,Veterans
2016-04-29 21:30:15+00:00,726161701029183488,,http://twitter.com/HillaryClinton/status/726161701029183488,,Affairs
2016-04-29 21:30:15+00:00,726161701029183488,,http://twitter.com/HillaryClinton/status/726161701029183488,,Committee
2016-04-29 21:30:15+00:00,726161701029183488,,http://twitter.com/HillaryClinton/status/726161701029183488,Bill,Committee
2016-04-29 18:47:20+00:00,726120700461875200,,http://twitter.com/HillaryClinton/status/726120700461875200,Zika,
2016-04-29 18:47:20+00:00,726120700461875200,,http://twitter.com/HillaryClinton/status/726120700461875200,Hillary,
2016-04-29 16:51:10+00:00,726091465605173248,,http://twitter.com/HillaryClinton/status/726091465605173248,HillaryClinton,
2016-04-29 14:58:26+00:00,726063097081925632,,http://twitter.com/HillaryClinton/status/726063097081925632,,Trump
2016-04-29 03:11:51+00:00,725885277412167680,,http://twitter.com/HillaryClinton/status/725885277412167680,HillaryClinton,
2016-04-29 03:11:51+00:00,725885277412167680,,http://twitter.com/HillaryClinton/status/725885277412167680,Donald,
2016-04-29 03:11:51+00:00,725885277412167680,,http://twitter.com/HillaryClinton/status/725885277412167680,Trump,
2016-04-29 02:38:58+00:00,725877002411081728,,http://twitter.com/HillaryClinton/status/725877002411081728,Hillary,
2016-04-29 02:38:58+00:00,725877002411081728,,http://twitter.com/HillaryClinton/status/725877002411081728,Clinton,
2016-04-29 01:10:51+00:00,725854829172514816,WomanCard,http://twitter.com/HillaryClinton/status/725854829172514816,Trump,
2016-04-28 22:31:51+00:00,725814812865892352,,http://twitter.com/HillaryClinton/status/725814812865892352,Donald,
2016-04-28 22:31:51+00:00,725814812865892352,,http://twitter.com/HillaryClinton/status/725814812865892352,Trump,
2016-04-28 21:00:49+00:00,725791904089161728,TBT,http://twitter.com/HillaryClinton/status/725791904089161728,,TBT
2016-04-28 21:00:49+00:00,725791904089161728,TBT,http://twitter.com/HillaryClinton/status/725791904089161728,Hillary,TBT
2016-04-28 19:11:32+00:00,725764405074382849,TBT,http://twitter.com/HillaryClinton/status/725764405074382849,Donald,
2016-04-28 19:11:32+00:00,725764405074382849,TBT,http://twitter.com/HillaryClinton/status/725764405074382849,Trump,
2016-04-28 19:11:32+00:00,725764405074382849,TBT,http://twitter.com/HillaryClinton/status/725764405074382849,Hillary,
2016-04-28 19:11:32+00:00,725764405074382849,TBT,http://twitter.com/HillaryClinton/status/725764405074382849,Hillary,TBT
2016-04-28 17:46:30+00:00,725743003055185921,,http://twitter.com/HillaryClinton/status/725743003055185921,Trump,
2016-04-28 17:46:30+00:00,725743003055185921,,http://twitter.com/HillaryClinton/status/725743003055185921,Trump,
2016-04-28 17:12:59+00:00,725734568230305792,,http://twitter.com/HillaryClinton/status/725734568230305792,Kristen,
2016-04-28 17:12:59+00:00,725734568230305792,,http://twitter.com/HillaryClinton/status/725734568230305792,Griest,
2016-04-28 17:12:59+00:00,725734568230305792,,http://twitter.com/HillaryClinton/status/725734568230305792,Griest,Army
2016-04-27 20:03:43+00:00,725415149516013568,,http://twitter.com/HillaryClinton/status/725415149516013568,Donald,
2016-04-27 20:03:43+00:00,725415149516013568,,http://twitter.com/HillaryClinton/status/725415149516013568,Trump,
2016-04-27 19:31:31+00:00,725407042735865857,,http://twitter.com/HillaryClinton/status/725407042735865857,Trump,
2016-04-27 19:31:31+00:00,725407042735865857,,http://twitter.com/HillaryClinton/status/725407042735865857,Hillary,
2016-04-27 18:44:35+00:00,725395233681334272,,http://twitter.com/HillaryClinton/status/725395233681334272,Trump,
2016-04-27 18:38:55+00:00,725393806045106181,,http://twitter.com/HillaryClinton/status/725393806045106181,Trump,
2016-04-27 18:32:08+00:00,725392101203173377,,http://twitter.com/HillaryClinton/status/725392101203173377,Trump,
2016-04-27 18:32:08+00:00,725392101203173377,,http://twitter.com/HillaryClinton/status/725392101203173377,Hillary,
2016-04-27 18:26:04+00:00,725390574929465345,womancard,http://twitter.com/HillaryClinton/status/725390574929465345,Trump,
2016-04-27 18:26:04+00:00,725390574929465345,womancard,http://twitter.com/HillaryClinton/status/725390574929465345,Hillary,
2016-04-27 18:19:43+00:00,725388975934955520,,http://twitter.com/HillaryClinton/status/725388975934955520,Trump,
2016-04-27 18:13:14+00:00,725387342702333952,,http://twitter.com/HillaryClinton/status/725387342702333952,Donald,
2016-04-27 18:13:14+00:00,725387342702333952,,http://twitter.com/HillaryClinton/status/725387342702333952,Trump,
2016-04-27 17:30:50+00:00,725376672833388544,,http://twitter.com/HillaryClinton/status/725376672833388544,Donald,
2016-04-27 17:30:50+00:00,725376672833388544,,http://twitter.com/HillaryClinton/status/725376672833388544,Trump,
2016-04-27 15:02:21+00:00,725339307607728128,ImWithHer,http://twitter.com/HillaryClinton/status/725339307607728128,Hillary,
2016-04-27 14:29:00+00:00,725330911902863360,,http://twitter.com/HillaryClinton/status/725330911902863360,Donald,
2016-04-27 14:29:00+00:00,725330911902863360,,http://twitter.com/HillaryClinton/status/725330911902863360,Trump,
2016-04-27 14:09:16+00:00,725325946434244608,,http://twitter.com/HillaryClinton/status/725325946434244608,Zika,
2016-04-27 14:09:16+00:00,725325946434244608,,http://twitter.com/HillaryClinton/status/725325946434244608,Zika,Congress
2016-04-27 13:03:43+00:00,725309452837130240,,http://twitter.com/HillaryClinton/status/725309452837130240,Hillary,
2016-04-27 01:52:14+00:00,725140469013995520,,http://twitter.com/HillaryClinton/status/725140469013995520,Hillary,
2016-04-27 01:26:30+00:00,725133992886951936,,http://twitter.com/HillaryClinton/status/725133992886951936,Hillary,
2016-04-27 01:24:11+00:00,725133409308299264,,http://twitter.com/HillaryClinton/status/725133409308299264,Hillary,
2016-04-27 01:23:33+00:00,725133247395598336,,http://twitter.com/HillaryClinton/status/725133247395598336,Hillary,
2016-04-27 01:20:44+00:00,725132538814054400,,http://twitter.com/HillaryClinton/status/725132538814054400,Barack,
2016-04-27 01:20:44+00:00,725132538814054400,,http://twitter.com/HillaryClinton/status/725132538814054400,Obama,
2016-04-27 01:20:44+00:00,725132538814054400,,http://twitter.com/HillaryClinton/status/725132538814054400,Hillary,
2016-04-27 01:20:11+00:00,725132403207995394,,http://twitter.com/HillaryClinton/status/725132403207995394,Sanders,
2016-04-27 01:20:11+00:00,725132403207995394,,http://twitter.com/HillaryClinton/status/725132403207995394,Hillary,
2016-04-27 01:18:31+00:00,725131981646864388,,http://twitter.com/HillaryClinton/status/725131981646864388,Hillary,
2016-04-27 01:13:11+00:00,725130641801633792,,http://twitter.com/HillaryClinton/status/725130641801633792,Hillary,
2016-04-26 22:16:56+00:00,725086283547185153,,http://twitter.com/HillaryClinton/status/725086283547185153,,MSNBC
2016-04-26 19:38:38+00:00,725046447050219523,,http://twitter.com/HillaryClinton/status/725046447050219523,Mannan,
2016-04-26 17:05:19+00:00,725007863106682880,,http://twitter.com/HillaryClinton/status/725007863106682880,Hillary,
2016-04-26 15:39:01+00:00,724986144774086658,,http://twitter.com/HillaryClinton/status/724986144774086658,Hillary,
2016-04-26 12:59:23+00:00,724945973353562113,,http://twitter.com/HillaryClinton/status/724945973353562113,Hillary,
2016-04-26 01:46:39+00:00,724776675205079040,MSNBCTownhall,http://twitter.com/HillaryClinton/status/724776675205079040,Hillary,
2016-04-26 01:46:39+00:00,724776675205079040,MSNBCTownhall,http://twitter.com/HillaryClinton/status/724776675205079040,Maddow,
2016-04-26 00:48:21+00:00,724762000853626880,,http://twitter.com/HillaryClinton/status/724762000853626880,Noah,
2016-04-26 00:48:21+00:00,724762000853626880,,http://twitter.com/HillaryClinton/status/724762000853626880,Hillary,
2016-04-26 00:48:21+00:00,724762000853626880,,http://twitter.com/HillaryClinton/status/724762000853626880,Hillary,Secret
2016-04-26 00:48:21+00:00,724762000853626880,,http://twitter.com/HillaryClinton/status/724762000853626880,Hillary,Service
2016-04-25 21:28:41+00:00,724711752928247808,,http://twitter.com/HillaryClinton/status/724711752928247808,,White
2016-04-25 21:28:41+00:00,724711752928247808,,http://twitter.com/HillaryClinton/status/724711752928247808,,House
2016-04-25 17:15:47+00:00,724648111403077632,,http://twitter.com/HillaryClinton/status/724648111403077632,Sylvia,
2016-04-25 17:15:47+00:00,724648111403077632,,http://twitter.com/HillaryClinton/status/724648111403077632,Earle,
2016-04-25 17:15:47+00:00,724648111403077632,,http://twitter.com/HillaryClinton/status/724648111403077632,Earle,NOAA
2016-04-25 16:06:35+00:00,724630697588211712,,http://twitter.com/HillaryClinton/status/724630697588211712,Clinton,
2016-04-25 15:10:00+00:00,724616455845720066,,http://twitter.com/HillaryClinton/status/724616455845720066,Hillary,
2016-04-25 15:10:00+00:00,724616455845720066,,http://twitter.com/HillaryClinton/status/724616455845720066,Clinton,
2016-04-24 22:53:50+00:00,724370797452767232,,http://twitter.com/HillaryClinton/status/724370797452767232,Hillary,
2016-04-24 16:33:42+00:00,724275131372191744,,http://twitter.com/HillaryClinton/status/724275131372191744,HillaryClinton,
2016-04-24 16:33:42+00:00,724275131372191744,,http://twitter.com/HillaryClinton/status/724275131372191744,Donald,
2016-04-24 16:33:42+00:00,724275131372191744,,http://twitter.com/HillaryClinton/status/724275131372191744,Trump,
2016-04-24 16:12:52+00:00,724269891063156736,,http://twitter.com/HillaryClinton/status/724269891063156736,Trump,
2016-04-24 14:05:36+00:00,724237862770728961,,http://twitter.com/HillaryClinton/status/724237862770728961,ChelseaClinton,
2016-04-23 22:57:02+00:00,724009213693952000,,http://twitter.com/HillaryClinton/status/724009213693952000,Hillary,
2016-04-23 22:57:02+00:00,724009213693952000,,http://twitter.com/HillaryClinton/status/724009213693952000,Clinton,
2016-04-23 22:57:02+00:00,724009213693952000,,http://twitter.com/HillaryClinton/status/724009213693952000,Zika,
2016-04-23 19:46:54+00:00,723961366495764481,,http://twitter.com/HillaryClinton/status/723961366495764481,HillaryClinton,
2016-04-23 18:20:17+00:00,723939566911127552,,http://twitter.com/HillaryClinton/status/723939566911127552,Donald,
2016-04-23 18:20:17+00:00,723939566911127552,,http://twitter.com/HillaryClinton/status/723939566911127552,Trump,
2016-04-23 18:20:17+00:00,723939566911127552,,http://twitter.com/HillaryClinton/status/723939566911127552,Mitt,
2016-04-23 18:20:17+00:00,723939566911127552,,http://twitter.com/HillaryClinton/status/723939566911127552,Romney,
2016-04-23 18:20:17+00:00,723939566911127552,,http://twitter.com/HillaryClinton/status/723939566911127552,Don,
2016-04-23 15:46:59+00:00,723900988764131328,,http://twitter.com/HillaryClinton/status/723900988764131328,Rullan,
2016-04-23 15:46:59+00:00,723900988764131328,,http://twitter.com/HillaryClinton/status/723900988764131328,Zika,
2016-04-23 15:12:06+00:00,723892209729323008,,http://twitter.com/HillaryClinton/status/723892209729323008,Trump,
2016-04-23 14:02:22+00:00,723874658555187200,,http://twitter.com/HillaryClinton/status/723874658555187200,Zika,
2016-04-23 14:02:22+00:00,723874658555187200,,http://twitter.com/HillaryClinton/status/723874658555187200,Zika,Congress
2016-04-23 02:18:39+00:00,723697565712048128,,http://twitter.com/HillaryClinton/status/723697565712048128,Donald,
2016-04-23 02:18:39+00:00,723697565712048128,,http://twitter.com/HillaryClinton/status/723697565712048128,Trump,
2016-04-23 00:58:08+00:00,723677300563283968,"ActOnClimate, EarthDay",http://twitter.com/HillaryClinton/status/723677300563283968,ChelseaClinton,
2016-04-22 20:17:49+00:00,723606758875381760,,http://twitter.com/HillaryClinton/status/723606758875381760,Trump,
2016-04-22 17:40:26+00:00,723567150691160064,,http://twitter.com/HillaryClinton/status/723567150691160064,Donald,
2016-04-22 17:40:26+00:00,723567150691160064,,http://twitter.com/HillaryClinton/status/723567150691160064,Trump,
2016-04-22 16:47:22+00:00,723553794114641920,,http://twitter.com/HillaryClinton/status/723553794114641920,,Congress
2016-04-22 16:04:21+00:00,723542968850886656,,http://twitter.com/HillaryClinton/status/723542968850886656,Hillary,
2016-04-22 15:27:46+00:00,723533764052324353,,http://twitter.com/HillaryClinton/status/723533764052324353,Zika,
2016-04-22 15:27:46+00:00,723533764052324353,,http://twitter.com/HillaryClinton/status/723533764052324353,Zika,Congress
2016-04-22 12:28:15+00:00,723488586159534080,,http://twitter.com/HillaryClinton/status/723488586159534080,,Nueva
2016-04-22 12:28:15+00:00,723488586159534080,,http://twitter.com/HillaryClinton/status/723488586159534080,,York
2016-04-22 00:15:30+00:00,723304185232547845,,http://twitter.com/HillaryClinton/status/723304185232547845,Sanders,
2016-04-22 00:15:30+00:00,723304185232547845,,http://twitter.com/HillaryClinton/status/723304185232547845,Hillary,
2016-04-21 16:43:02+00:00,723190318351441920,StopGunViolence,http://twitter.com/HillaryClinton/status/723190318351441920,,Congress
2016-04-21 15:44:47+00:00,723175656566083584,,http://twitter.com/HillaryClinton/status/723175656566083584,Hillary,
2016-04-21 15:44:47+00:00,723175656566083584,,http://twitter.com/HillaryClinton/status/723175656566083584,Hillary,
2016-04-21 14:53:34+00:00,723162767662960640,"TBT, HillaryOnGMA",http://twitter.com/HillaryClinton/status/723162767662960640,Hillary,
2016-04-21 14:53:34+00:00,723162767662960640,"TBT, HillaryOnGMA",http://twitter.com/HillaryClinton/status/723162767662960640,Clinton,
2016-04-20 21:04:55+00:00,722893834435211265,,http://twitter.com/HillaryClinton/status/722893834435211265,,Congress
2016-04-20 20:03:25+00:00,722878358346973184,,http://twitter.com/HillaryClinton/status/722878358346973184,Susan,
2016-04-20 20:03:25+00:00,722878358346973184,,http://twitter.com/HillaryClinton/status/722878358346973184,B,
2016-04-20 20:03:25+00:00,722878358346973184,,http://twitter.com/HillaryClinton/status/722878358346973184,Anthony,
2016-04-20 19:01:59+00:00,722862897710239744,,http://twitter.com/HillaryClinton/status/722862897710239744,,Sandy
2016-04-20 19:01:59+00:00,722862897710239744,,http://twitter.com/HillaryClinton/status/722862897710239744,,Hook
2016-04-20 19:01:59+00:00,722862897710239744,,http://twitter.com/HillaryClinton/status/722862897710239744,,School
2016-04-20 17:55:47+00:00,722846239335804928,,http://twitter.com/HillaryClinton/status/722846239335804928,Harriet,
2016-04-20 17:55:47+00:00,722846239335804928,,http://twitter.com/HillaryClinton/status/722846239335804928,Tubman,
2016-04-20 17:30:37+00:00,722839904040927233,,http://twitter.com/HillaryClinton/status/722839904040927233,Hillary,
2016-04-20 17:30:37+00:00,722839904040927233,,http://twitter.com/HillaryClinton/status/722839904040927233,Clinton,
2016-04-20 16:29:12+00:00,722824447888072704,,http://twitter.com/HillaryClinton/status/722824447888072704,Hillary,
2016-04-20 16:29:12+00:00,722824447888072704,,http://twitter.com/HillaryClinton/status/722824447888072704,Clinton,
2016-04-20 14:33:08+00:00,722795238469738496,,http://twitter.com/HillaryClinton/status/722795238469738496,Erica,
2016-04-20 14:33:08+00:00,722795238469738496,,http://twitter.com/HillaryClinton/status/722795238469738496,Hillary,
2016-04-20 03:36:54+00:00,722630094188097536,,http://twitter.com/HillaryClinton/status/722630094188097536,Hillary,
2016-04-20 02:58:22+00:00,722620394734231553,,http://twitter.com/HillaryClinton/status/722620394734231553,Nueva,
2016-04-20 02:58:22+00:00,722620394734231553,,http://twitter.com/HillaryClinton/status/722620394734231553,York,
2016-04-20 02:47:30+00:00,722617660241022976,,http://twitter.com/HillaryClinton/status/722617660241022976,Hillary,
2016-04-20 02:32:57+00:00,722613998349381637,,http://twitter.com/HillaryClinton/status/722613998349381637,Donald,
2016-04-20 02:32:57+00:00,722613998349381637,,http://twitter.com/HillaryClinton/status/722613998349381637,Trump,
2016-04-20 02:32:57+00:00,722613998349381637,,http://twitter.com/HillaryClinton/status/722613998349381637,Ted,
2016-04-20 02:32:57+00:00,722613998349381637,,http://twitter.com/HillaryClinton/status/722613998349381637,Cruz,
2016-04-20 02:21:28+00:00,722611110311014404,,http://twitter.com/HillaryClinton/status/722611110311014404,Hillary,
2016-04-20 01:51:59+00:00,722603689358266371,,http://twitter.com/HillaryClinton/status/722603689358266371,Hillary,
2016-04-20 01:51:59+00:00,722603689358266371,,http://twitter.com/HillaryClinton/status/722603689358266371,Hillary,White
2016-04-20 01:51:59+00:00,722603689358266371,,http://twitter.com/HillaryClinton/status/722603689358266371,Hillary,House
2016-04-20 00:45:30+00:00,722586958896242692,,http://twitter.com/HillaryClinton/status/722586958896242692,HillaryClinton,
2016-04-19 14:05:35+00:00,722425918044680192,,http://twitter.com/HillaryClinton/status/722425918044680192,Donald,
2016-04-19 14:05:35+00:00,722425918044680192,,http://twitter.com/HillaryClinton/status/722425918044680192,Trump,
2016-04-19 12:57:10+00:00,722408699290132480,,http://twitter.com/HillaryClinton/status/722408699290132480,Hillary,
2016-04-19 11:58:33+00:00,722393950565363712,EstoyConElla,http://twitter.com/HillaryClinton/status/722393950565363712,,Nueva
2016-04-19 11:58:33+00:00,722393950565363712,EstoyConElla,http://twitter.com/HillaryClinton/status/722393950565363712,,York
2016-04-19 10:01:38+00:00,722364527719936000,,http://twitter.com/HillaryClinton/status/722364527719936000,Hillary,
2016-04-19 00:57:57+00:00,722227702661574657,EastVillage,http://twitter.com/HillaryClinton/status/722227702661574657,HillaryClinton,
2016-04-19 00:09:51+00:00,722215597845532673,LSSC,http://twitter.com/HillaryClinton/status/722215597845532673,Hillary,
2016-04-18 23:13:35+00:00,722201439548940292,,http://twitter.com/HillaryClinton/status/722201439548940292,,HRC
2016-04-18 23:13:35+00:00,722201439548940292,,http://twitter.com/HillaryClinton/status/722201439548940292,,Colors
2016-04-18 22:44:14+00:00,722194052129648640,,http://twitter.com/HillaryClinton/status/722194052129648640,Hillary,
2016-04-18 20:03:10+00:00,722153518082232320,,http://twitter.com/HillaryClinton/status/722153518082232320,Obama,
2016-04-18 19:26:43+00:00,722144346837876736,EstoyConElla,http://twitter.com/HillaryClinton/status/722144346837876736,,Nueva
2016-04-18 19:26:43+00:00,722144346837876736,EstoyConElla,http://twitter.com/HillaryClinton/status/722144346837876736,,York
2016-04-18 15:50:09+00:00,722089844445417472,,http://twitter.com/HillaryClinton/status/722089844445417472,Hillary,
2016-04-18 13:28:40+00:00,722054238587789312,,http://twitter.com/HillaryClinton/status/722054238587789312,HillaryClinton,
2016-04-17 22:02:09+00:00,721821073508012032,,http://twitter.com/HillaryClinton/status/721821073508012032,,Hartford
2016-04-17 22:02:09+00:00,721821073508012032,,http://twitter.com/HillaryClinton/status/721821073508012032,,Courant
2016-04-17 22:02:09+00:00,721821073508012032,,http://twitter.com/HillaryClinton/status/721821073508012032,Hillary,Courant
2016-04-17 22:02:09+00:00,721821073508012032,,http://twitter.com/HillaryClinton/status/721821073508012032,Clinton,Courant
2016-04-17 20:37:14+00:00,721799704732962817,,http://twitter.com/HillaryClinton/status/721799704732962817,Hillary,
2016-04-17 18:07:14+00:00,721761955472650240,,http://twitter.com/HillaryClinton/status/721761955472650240,,Children
2016-04-17 18:07:14+00:00,721761955472650240,,http://twitter.com/HillaryClinton/status/721761955472650240,,'
2016-04-17 18:07:14+00:00,721761955472650240,,http://twitter.com/HillaryClinton/status/721761955472650240,,s
2016-04-17 18:07:14+00:00,721761955472650240,,http://twitter.com/HillaryClinton/status/721761955472650240,,Health
2016-04-17 18:07:14+00:00,721761955472650240,,http://twitter.com/HillaryClinton/status/721761955472650240,,Insurance
2016-04-17 18:07:14+00:00,721761955472650240,,http://twitter.com/HillaryClinton/status/721761955472650240,,Program
2016-04-17 16:39:42+00:00,721739927428403200,HRC4PA,http://twitter.com/HillaryClinton/status/721739927428403200,Clinton,
2016-04-17 16:39:42+00:00,721739927428403200,HRC4PA,http://twitter.com/HillaryClinton/status/721739927428403200,HillaryClinton,
2016-04-16 13:50:46+00:00,721335026772783104,,http://twitter.com/HillaryClinton/status/721335026772783104,Kareem,
2016-04-16 13:50:46+00:00,721335026772783104,,http://twitter.com/HillaryClinton/status/721335026772783104,Abdul,
2016-04-16 13:50:46+00:00,721335026772783104,,http://twitter.com/HillaryClinton/status/721335026772783104,-,
2016-04-16 13:50:46+00:00,721335026772783104,,http://twitter.com/HillaryClinton/status/721335026772783104,Jabbar,
2016-04-16 13:50:46+00:00,721335026772783104,,http://twitter.com/HillaryClinton/status/721335026772783104,Hillary,
2016-04-16 00:40:15+00:00,721136085435342848,,http://twitter.com/HillaryClinton/status/721136085435342848,,Congress
2016-04-16 00:19:17+00:00,721130809290334212,CalEITC,http://twitter.com/HillaryClinton/status/721130809290334212,,EITC
2016-04-15 18:45:19+00:00,721046762304237569,,http://twitter.com/HillaryClinton/status/721046762304237569,Donald,
2016-04-15 18:45:19+00:00,721046762304237569,,http://twitter.com/HillaryClinton/status/721046762304237569,Trump,
2016-04-15 18:08:37+00:00,721037525733765120,LSSC,http://twitter.com/HillaryClinton/status/721037525733765120,HillaryClinton,
2016-04-15 17:45:10+00:00,721031626411622400,DemDebate,http://twitter.com/HillaryClinton/status/721031626411622400,Sanders,
2016-04-15 16:24:45+00:00,721011387271618560,,http://twitter.com/HillaryClinton/status/721011387271618560,,HRC
2016-04-15 04:12:47+00:00,720827184495984640,ImWithHer,http://twitter.com/HillaryClinton/status/720827184495984640,HillaryClinton,
2016-04-15 03:46:36+00:00,720820593420058624,DemDebate,http://twitter.com/HillaryClinton/status/720820593420058624,Hillary,
2016-04-15 03:17:59+00:00,720813394278944769,DemDebate,http://twitter.com/HillaryClinton/status/720813394278944769,Hillary,
2016-04-15 03:13:34+00:00,720812281941135365,,http://twitter.com/HillaryClinton/status/720812281941135365,Hillary,
2016-04-15 03:09:31+00:00,720811261215289344,DemDebate,http://twitter.com/HillaryClinton/status/720811261215289344,,Southern
2016-04-15 03:09:31+00:00,720811261215289344,DemDebate,http://twitter.com/HillaryClinton/status/720811261215289344,,Democratic
2016-04-15 03:07:54+00:00,720810853109338113,,http://twitter.com/HillaryClinton/status/720810853109338113,Donald,
2016-04-15 03:07:54+00:00,720810853109338113,,http://twitter.com/HillaryClinton/status/720810853109338113,Trump,
2016-04-15 02:53:47+00:00,720807300533993472,,http://twitter.com/HillaryClinton/status/720807300533993472,Hillary,
2016-04-15 02:32:20+00:00,720801905136545793,,http://twitter.com/HillaryClinton/status/720801905136545793,Trump,
2016-04-15 02:32:20+00:00,720801905136545793,,http://twitter.com/HillaryClinton/status/720801905136545793,Cruz,
2016-04-15 02:32:20+00:00,720801905136545793,,http://twitter.com/HillaryClinton/status/720801905136545793,Kasich,
2016-04-15 02:29:17+00:00,720801136962310144,DemDebate,http://twitter.com/HillaryClinton/status/720801136962310144,Clinton,
2016-04-15 02:29:17+00:00,720801136962310144,DemDebate,http://twitter.com/HillaryClinton/status/720801136962310144,Sanders,
2016-04-15 02:28:40+00:00,720800983522152451,,http://twitter.com/HillaryClinton/status/720800983522152451,Hillary,
2016-04-15 02:28:40+00:00,720800983522152451,,http://twitter.com/HillaryClinton/status/720800983522152451,Clinton,
2016-04-15 02:04:21+00:00,720794863034372096,DemDebate,http://twitter.com/HillaryClinton/status/720794863034372096,Hillary,
2016-04-15 01:47:30+00:00,720790622098079744,,http://twitter.com/HillaryClinton/status/720790622098079744,Hillary,
2016-04-15 01:47:30+00:00,720790622098079744,,http://twitter.com/HillaryClinton/status/720790622098079744,Clinton,
2016-04-15 01:42:18+00:00,720789314154668032,,http://twitter.com/HillaryClinton/status/720789314154668032,Sanders,
2016-04-15 01:19:16+00:00,720783516317982721,,http://twitter.com/HillaryClinton/status/720783516317982721,Hillary,
2016-04-15 01:13:37+00:00,720782094671179777,DemDebate,http://twitter.com/HillaryClinton/status/720782094671179777,Hillary,
2016-04-15 01:11:06+00:00,720781463180984321,DemDebate,http://twitter.com/HillaryClinton/status/720781463180984321,Sanders,
2016-04-15 01:11:06+00:00,720781463180984321,DemDebate,http://twitter.com/HillaryClinton/status/720781463180984321,Sanders,NRA
2016-04-15 01:07:50+00:00,720780638333333505,DemDebate,http://twitter.com/HillaryClinton/status/720780638333333505,Sanders,
2016-04-15 00:57:46+00:00,720778104143273984,DemDebate,http://twitter.com/HillaryClinton/status/720778104143273984,Hillary,
2016-04-15 00:57:05+00:00,720777935133786113,DemDebate,http://twitter.com/HillaryClinton/status/720777935133786113,Hillary,
2016-04-15 00:33:58+00:00,720772117562662912,"TBT, DemDebate",http://twitter.com/HillaryClinton/status/720772117562662912,,TBT
2016-04-15 00:33:58+00:00,720772117562662912,"TBT, DemDebate",http://twitter.com/HillaryClinton/status/720772117562662912,Hillary,TBT
2016-04-15 00:21:35+00:00,720769001710862337,DemDebate,http://twitter.com/HillaryClinton/status/720769001710862337,Hillary,
2016-04-14 20:16:09+00:00,720707236159299584,DemDebate,http://twitter.com/HillaryClinton/status/720707236159299584,,CNN
2016-04-14 17:31:17+00:00,720665744376246272,,http://twitter.com/HillaryClinton/status/720665744376246272,Donald,
2016-04-14 17:31:17+00:00,720665744376246272,,http://twitter.com/HillaryClinton/status/720665744376246272,Trump,
2016-04-14 17:06:40+00:00,720659550739787777,,http://twitter.com/HillaryClinton/status/720659550739787777,Hillary,
2016-04-14 03:17:13+00:00,720450813538279424,,http://twitter.com/HillaryClinton/status/720450813538279424,Zika,
2016-04-14 02:23:11+00:00,720437215751495680,,http://twitter.com/HillaryClinton/status/720437215751495680,Donald,
2016-04-14 02:23:11+00:00,720437215751495680,,http://twitter.com/HillaryClinton/status/720437215751495680,Trump,
2016-04-13 23:52:36+00:00,720399316427223043,,http://twitter.com/HillaryClinton/status/720399316427223043,Hillary,
2016-04-13 23:52:36+00:00,720399316427223043,,http://twitter.com/HillaryClinton/status/720399316427223043,Clinton,
2016-04-13 23:52:36+00:00,720399316427223043,,http://twitter.com/HillaryClinton/status/720399316427223043,Tom,
2016-04-13 23:52:36+00:00,720399316427223043,,http://twitter.com/HillaryClinton/status/720399316427223043,Perez,
2016-04-13 22:14:24+00:00,720374603936206852,,http://twitter.com/HillaryClinton/status/720374603936206852,Hillary,
2016-04-13 17:18:39+00:00,720300178788511744,,http://twitter.com/HillaryClinton/status/720300178788511744,Hillary,
2016-04-13 17:14:52+00:00,720299225192333312,,http://twitter.com/HillaryClinton/status/720299225192333312,Hillary,
2016-04-13 17:10:42+00:00,720298177937539073,,http://twitter.com/HillaryClinton/status/720298177937539073,Hillary,
2016-04-13 16:47:12+00:00,720292264552067073,,http://twitter.com/HillaryClinton/status/720292264552067073,Hillary,
2016-04-13 14:13:06+00:00,720253482205360128,,http://twitter.com/HillaryClinton/status/720253482205360128,Clinton,
2016-04-13 14:13:06+00:00,720253482205360128,,http://twitter.com/HillaryClinton/status/720253482205360128,Hillary,
2016-04-13 13:10:15+00:00,720237665103323136,wonk,http://twitter.com/HillaryClinton/status/720237665103323136,HillaryClinton,
2016-04-13 02:23:48+00:00,720074982106218498,,http://twitter.com/HillaryClinton/status/720074982106218498,Hillary,
2016-04-13 02:23:48+00:00,720074982106218498,,http://twitter.com/HillaryClinton/status/720074982106218498,Clinton,
2016-04-13 01:23:02+00:00,720059687803174912,EqualPayDay,http://twitter.com/HillaryClinton/status/720059687803174912,,NYC
2016-04-13 00:21:25+00:00,720044180949569538,,http://twitter.com/HillaryClinton/status/720044180949569538,Riley,
2016-04-13 00:21:25+00:00,720044180949569538,,http://twitter.com/HillaryClinton/status/720044180949569538,Hillary,
2016-04-12 23:14:11+00:00,720027263933292544,,http://twitter.com/HillaryClinton/status/720027263933292544,,Editorial
2016-04-12 23:14:11+00:00,720027263933292544,,http://twitter.com/HillaryClinton/status/720027263933292544,,Board
2016-04-12 23:14:11+00:00,720027263933292544,,http://twitter.com/HillaryClinton/status/720027263933292544,HillaryClinton,Board
2016-04-12 20:35:00+00:00,719987204160925697,,http://twitter.com/HillaryClinton/status/719987204160925697,Clinton,
2016-04-12 20:35:00+00:00,719987204160925697,,http://twitter.com/HillaryClinton/status/719987204160925697,Bernie,
2016-04-12 20:35:00+00:00,719987204160925697,,http://twitter.com/HillaryClinton/status/719987204160925697,Bernie,MetLife
2016-04-12 19:09:29+00:00,719965682444693504,,http://twitter.com/HillaryClinton/status/719965682444693504,Hillary,
2016-04-12 02:52:52+00:00,719719906279833600,,http://twitter.com/HillaryClinton/status/719719906279833600,Trump,
2016-04-12 02:52:52+00:00,719719906279833600,,http://twitter.com/HillaryClinton/status/719719906279833600,Cruz,
2016-04-12 02:52:52+00:00,719719906279833600,,http://twitter.com/HillaryClinton/status/719719906279833600,Kasich,
2016-04-12 00:58:02+00:00,719691008875872256,ShareYourPay,http://twitter.com/HillaryClinton/status/719691008875872256,HillaryClinton,
2016-04-11 21:12:47+00:00,719634321531924480,,http://twitter.com/HillaryClinton/status/719634321531924480,ChelseaClinton,
2016-04-11 19:00:02+00:00,719600916064813057,,http://twitter.com/HillaryClinton/status/719600916064813057,,NRA
2016-04-11 15:58:43+00:00,719555285518430208,,http://twitter.com/HillaryClinton/status/719555285518430208,Donald,
2016-04-11 15:58:43+00:00,719555285518430208,,http://twitter.com/HillaryClinton/status/719555285518430208,Trump,
2016-04-11 13:04:14+00:00,719511377363234817,,http://twitter.com/HillaryClinton/status/719511377363234817,Hillary,
2016-04-11 13:04:14+00:00,719511377363234817,,http://twitter.com/HillaryClinton/status/719511377363234817,GlennThrush,
2016-04-10 15:08:31+00:00,719180266422603776,"InnerCircle, ImWithHer",http://twitter.com/HillaryClinton/status/719180266422603776,HillaryClinton,
